ID,density
1,37
2,27
3,12
4,34
5,7
6,5
7,20
8,2
9,15
10,23
11,34
12,29
13,24
14,27
15,1
16,26
17,15
18,3
19,7
20,22
21,30
22,8
23,11
24,31
25,37
26,23
27,37
28,18
29,16
30,14
31,5
32,8
33,14
34,13
35,9
36,19
37,7
38,23
39,15
40,13
41,15
42,22
43,24
44,35
45,38
46,35
47,36
48,36
49,8
50,32
51,37
52,5
53,24
54,27
55,26
56,16
57,13
58,34
59,25
60,23
61,0
62,7
63,2
64,11
65,37
66,33
67,12
68,27
69,20
70,39
71,32
72,27
73,31
74,32
75,9
76,39
77,12
78,27
79,23
80,13
81,35
82,23
83,29
84,8
85,16
86,15
87,3
88,10
89,12
90,4
91,7
92,2
93,12
94,38
95,3
96,28
97,38
98,18
99,10
100,34
101,30
102,7
103,13
104,19
105,31
106,33
107,3
108,21
109,18
110,19
111,29
112,29
113,18
114,0
115,16
116,29
117,15
118,21
119,16
120,1
121,0
122,23
123,30
124,27
125,35
126,19
127,38
128,13
129,12
130,7
131,33
132,35
133,13
134,0
135,17
136,21
137,27
138,37
139,13
140,12
141,16
142,20
143,31
144,25
145,12
146,34
147,10
148,25
149,20
150,10
151,15
152,4
153,4
154,23
155,34
156,13
157,12
158,30
159,23
160,17
161,19
162,34
163,30
164,25
165,2
166,20
167,2
168,17
169,26
170,9
171,9
172,39
173,38
174,28
175,38
176,30
177,30
178,22
179,12
180,28
181,6
182,34
183,4
184,0
185,7
186,5
187,26
188,33
189,15
190,17
191,3
192,26
193,38
194,38
195,11
196,29
197,37
198,18
199,28
200,34
201,2
202,6
203,1
204,35
205,26
206,15
207,34
208,2
209,32
210,32
211,37
212,12
213,29
214,38
215,25
216,20
217,27
218,25
219,33
220,12
221,2
222,27
223,30
224,2
225,22
226,34
227,7
228,13
229,22
230,19
231,17
232,31
233,26
234,16
235,5
236,8
237,39
238,37
239,24
240,17
241,38
242,35
243,1
244,8
245,24
246,0
247,10
248,24
249,34
250,33
251,15
252,0
253,9
254,34
255,23
256,38
257,13
258,23
259,13
260,32
261,18
262,27
263,11
264,0
265,20
266,36
267,22
268,35
269,21
270,9
271,5
272,30
273,6
274,23
275,15
276,30
277,1
278,33
279,23
280,38
281,17
282,36
283,32
284,19
285,10
286,13
287,3
288,7
289,25
290,2
291,27
292,17
293,17
294,34
295,10
296,25
297,16
298,5
299,20
300,10
301,2
302,16
303,18
304,31
305,25
306,19
307,17
308,2
309,38
310,11
311,13
312,3
313,18
314,29
315,16
316,26
317,22
318,35
319,27
320,19
321,5
322,32
323,5
324,27
325,6
326,10
327,6
328,31
329,39
330,12
331,12
332,36
333,14
334,18
335,24
336,15
337,7
338,18
339,31
340,18
341,39
342,4
343,12
344,7
345,28
346,10
347,30
348,6
349,18
350,17
351,20
352,0
353,12
354,11
355,15
356,30
357,25
358,19
359,12
360,4
361,15
362,27
363,11
364,30
365,27
366,33
367,32
368,39
369,38
370,17
371,15
372,28
373,28
374,10
375,38
376,11
377,6
378,8
379,30
380,36
381,1
382,18
383,1
384,10
385,28
386,23
387,20
388,20
389,18
390,26
391,20
392,28
393,27
394,38
395,30
396,7
397,15
398,17
399,28
400,27
401,0
402,23
403,19
404,39
405,14
406,6
407,16
408,26
409,39
410,36
411,32
412,20
413,24
414,10
415,26
416,37
417,32
418,31
419,13
420,0
421,34
422,32
423,12
424,36
425,13
426,25
427,14
428,0
429,34
430,13
431,11
432,35
433,1
434,12
435,14
436,14
437,32
438,7
439,26
440,31
441,30
442,33
443,39
444,23
445,14
446,19
447,1
448,23
449,29
450,34
451,8
452,26
453,34
454,26
455,1
456,30
457,2
458,30
459,27
460,18
461,19
462,18
463,0
464,38
465,28
466,10
467,28
468,27
469,2
470,35
471,27
472,34
473,5
474,26
475,6
476,14
477,35
478,12
479,22
480,30
481,3
482,9
483,4
484,12
485,12
486,8
487,15
488,14
489,15
490,25
491,17
492,37
493,38
494,36
495,19
496,5
497,13
498,34
499,28
500,14
501,9
502,13
503,20
504,22
505,37
506,1
507,13
508,9
509,38
510,10
511,1
512,20
513,25
514,13
515,7
516,31
517,6
518,32
519,9
520,39
521,31
522,37
523,7
524,39
525,16
526,37
527,19
528,6
529,38
530,7
531,34
532,9
533,13
534,22
535,24
536,19
537,10
538,5
539,10
540,14
541,10
542,22
543,15
544,1
545,10
546,29
547,37
548,21
549,0
550,26
551,1
552,29
553,36
554,36
555,26
556,22
557,19
558,27
559,22
560,9
561,5
562,16
563,27
564,3
565,21
566,30
567,36
568,31
569,15
570,37
571,37
572,12
573,38
574,17
575,26
576,29
577,19
578,8
579,30
580,4
581,4
582,17
583,20
584,26
585,1
586,1
587,31
588,26
589,31
590,9
591,19
592,18
593,31
594,21
595,21
596,2
597,32
598,34
599,23
600,32
601,33
602,5
603,38
604,18
605,31
606,13
607,35
608,8
609,12
610,12
611,30
612,39
613,29
614,34
615,36
616,10
617,6
618,34
619,2
620,25
621,14
622,3
623,25
624,33
625,23
626,12
627,0
628,2
629,15
630,27
631,4
632,26
633,2
634,11
635,30
636,6
637,8
638,7
639,5
640,9
641,19
642,11
643,16
644,7
645,5
646,12
647,3
648,23
649,28
650,24
651,3
652,39
653,36
654,21
655,29
656,36
657,3
658,27
659,24
660,8
661,36
662,10
663,25
664,26
665,13
666,9
667,4
668,16
669,37
670,29
671,1
672,7
673,33
674,15
675,3
676,11
677,22
678,33
679,8
680,23
681,8
682,15
683,3
684,33
685,0
686,0
687,4
688,6
689,5
690,11
691,31
692,6
693,30
694,7
695,34
696,34
697,14
698,34
699,35
700,21
701,24
702,17
703,37
704,29
705,24
706,14
707,16
708,34
709,15
710,22
711,25
712,12
713,7
714,23
715,6
716,14
717,27
718,32
719,26
720,22
721,19
722,8
723,21
724,39
725,13
726,25
727,17
728,28
729,4
730,11
731,6
732,29
733,32
734,32
735,27
736,5
737,9
738,4
739,19
740,29
741,20
742,26
743,7
744,1
745,39
746,15
747,34
748,24
749,20
750,28
751,31
752,31
753,15
754,20
755,38
756,2
757,35
758,16
759,19
760,21
761,20
762,3
763,38
764,23
765,28
766,38
767,18
768,10
769,29
770,12
771,34
772,22
773,17
774,9
775,3
776,36
777,26
778,36
779,2
780,25
781,6
782,6
783,29
784,22
785,32
786,2
787,36
788,19
789,8
790,22
791,32
792,8
793,29
794,9
795,13
796,0
797,17
798,33
799,7
800,18
801,10
802,4
803,18
804,35
805,4
806,28
807,21
808,28
809,2
810,2
811,1
812,17
813,28
814,26
815,23
816,22
817,14
818,2
819,22
820,1
821,35
822,0
823,2
824,19
825,4
826,22
827,20
828,14
829,35
830,30
831,22
832,34
833,15
834,25
835,5
836,32
837,16
838,13
839,30
840,18
841,2
842,3
843,10
844,25
845,8
846,34
847,13
848,0
849,29
850,6
851,26
852,3
853,28
854,30
855,35
856,4
857,26
858,20
859,24
860,30
861,14
862,28
863,19
864,16
865,23
866,14
867,37
868,7
869,10
870,33
871,27
872,8
873,18
874,36
875,14
876,5
877,11
878,34
879,27
880,11
881,1
882,30
883,15
884,28
885,16
886,23
887,4
888,39
889,27
890,13
891,8
892,33
893,21
894,0
895,22
896,23
897,30
898,14
899,24
900,0
901,22
902,19
903,22
904,13
905,21
906,39
907,16
908,3
909,5
910,19
911,12
912,20
913,13
914,2
915,29
916,11
917,10
918,6
919,15
920,37
921,21
922,7
923,23
924,33
925,7
926,27
927,28
928,17
929,11
930,19
931,12
932,13
933,14
934,14
935,37
936,0
937,8
938,6
939,7
940,10
941,22
942,36
943,26
944,7
945,30
946,36
947,20
948,16
949,30
950,24
951,37
952,10
953,0
954,29
955,24
956,1
957,2
958,18
959,5
960,36
961,10
962,8
963,14
964,16
965,22
966,14
967,23
968,13
969,39
970,22
971,18
972,37
973,29
974,8
975,26
976,1
977,8
978,30
979,30
980,5
981,23
982,30
983,3
984,1
985,1
986,24
987,29
988,4
989,24
990,7
991,14
992,28
993,31
994,33
995,14
996,15
997,32
998,9
999,6
1000,39
1001,36
1002,25
1003,14
1004,36
1005,8
1006,8
1007,35
1008,29
1009,23
1010,39
1011,13
1012,37
1013,21
1014,39
1015,29
1016,30
1017,19
1018,37
1019,30
1020,2
1021,0
1022,30
1023,27
1024,8
1025,38
1026,9
1027,23
1028,0
1029,13
1030,30
1031,11
1032,26
1033,29
1034,10
1035,36
1036,14
1037,34
1038,8
1039,34
1040,0
1041,34
1042,5
1043,14
1044,9
1045,29
1046,36
1047,28
1048,1
1049,7
1050,31
1051,24
1052,31
1053,9
1054,1
1055,19
1056,33
1057,20
1058,23
1059,35
1060,13
1061,1
1062,0
1063,7
1064,17
1065,10
1066,17
1067,4
1068,27
1069,5
1070,27
1071,33
1072,13
1073,16
1074,36
1075,18
1076,12
1077,3
1078,18
1079,28
1080,31
1081,21
1082,19
1083,31
1084,15
1085,32
1086,29
1087,34
1088,6
1089,25
1090,34
1091,16
1092,5
1093,0
1094,30
1095,35
1096,13
1097,17
1098,9
1099,0
1100,23
1101,32
1102,27
1103,17
1104,2
1105,34
1106,2
1107,30
1108,15
1109,0
1110,26
1111,6
1112,37
1113,37
1114,13
1115,25
1116,0
1117,14
1118,32
1119,15
1120,13
1121,22
1122,35
1123,15
1124,6
1125,38
1126,37
1127,25
1128,6
1129,29
1130,14
1131,28
1132,16
1133,19
1134,8
1135,35
1136,5
1137,0
1138,16
1139,24
1140,9
1141,1
1142,4
1143,27
1144,32
1145,24
1146,35
1147,22
1148,30
1149,28
1150,4
1151,0
1152,38
1153,14
1154,35
1155,31
1156,26
1157,4
1158,36
1159,23
1160,0
1161,2
1162,3
1163,32
1164,39
1165,24
1166,29
1167,28
1168,8
1169,36
1170,18
1171,30
1172,1
1173,26
1174,22
1175,7
1176,39
1177,7
1178,36
1179,30
1180,4
1181,10
1182,3
1183,29
1184,12
1185,5
1186,0
1187,32
1188,6
1189,7
1190,31
1191,32
1192,17
1193,30
1194,20
1195,4
1196,12
1197,13
1198,33
1199,8
1200,24
1201,9
1202,10
1203,12
1204,27
1205,21
1206,16
1207,19
1208,22
1209,11
1210,12
1211,27
1212,20
1213,6
1214,1
1215,14
1216,3
1217,25
1218,37
1219,36
1220,22
1221,37
1222,32
1223,15
1224,37
1225,27
1226,8
1227,0
1228,30
1229,15
1230,2
1231,7
1232,27
1233,23
1234,38
1235,10
1236,9
1237,25
1238,28
1239,11
1240,39
1241,34
1242,37
1243,36
1244,9
1245,22
1246,4
1247,10
1248,35
1249,20
1250,5
1251,2
1252,23
1253,39
1254,4
1255,15
1256,17
1257,29
1258,36
1259,20
1260,32
1261,4
1262,16
1263,32
1264,38
1265,2
1266,21
1267,29
1268,8
1269,6
1270,21
1271,0
1272,18
1273,26
1274,36
1275,12
1276,23
1277,34
1278,10
1279,14
1280,0
1281,39
1282,5
1283,10
1284,15
1285,22
1286,9
1287,1
1288,13
1289,4
1290,37
1291,16
1292,17
1293,36
1294,3
1295,4
1296,39
1297,39
1298,7
1299,4
1300,28
1301,8
1302,15
1303,25
1304,36
1305,24
1306,39
1307,4
1308,32
1309,39
1310,38
1311,13
1312,26
1313,11
1314,16
1315,34
1316,22
1317,12
1318,35
1319,39
1320,21
1321,31
1322,8
1323,0
1324,32
1325,38
1326,9
1327,21
1328,28
1329,30
1330,32
1331,37
1332,29
1333,36
1334,0
1335,32
1336,14
1337,33
1338,35
1339,28
1340,23
1341,4
1342,21
1343,30
1344,17
1345,23
1346,20
1347,3
1348,12
1349,8
1350,39
1351,23
1352,37
1353,31
1354,39
1355,1
1356,25
1357,23
1358,25
1359,37
1360,1
1361,12
1362,21
1363,3
1364,30
1365,10
1366,36
1367,17
1368,17
1369,0
1370,14
1371,12
1372,11
1373,8
1374,7
1375,29
1376,11
1377,14
1378,25
1379,31
1380,33
1381,18
1382,13
1383,21
1384,7
1385,2
1386,30
1387,2
1388,13
1389,5
1390,2
1391,38
1392,33
1393,4
1394,4
1395,15
1396,27
1397,29
1398,6
1399,4
1400,7
1401,31
1402,38
1403,32
1404,13
1405,13
1406,36
1407,9
1408,9
1409,28
1410,19
1411,11
1412,2
1413,8
1414,26
1415,4
1416,22
1417,34
1418,25
1419,6
1420,33
1421,38
1422,22
1423,21
1424,14
1425,20
1426,11
1427,32
1428,7
1429,13
1430,14
1431,32
1432,20
1433,17
1434,26
1435,25
1436,16
1437,33
1438,3
1439,25
1440,21
1441,9
1442,1
1443,25
1444,2
1445,19
1446,21
1447,34
1448,12
1449,1
1450,2
1451,32
1452,27
1453,8
1454,20
1455,5
1456,35
1457,35
1458,32
1459,36
1460,33
1461,14
1462,20
1463,1
1464,11
1465,14
1466,11
1467,29
1468,27
1469,39
1470,10
1471,3
1472,28
1473,38
1474,23
1475,12
1476,10
1477,4
1478,33
1479,18
1480,38
1481,36
1482,7
1483,26
1484,3
1485,34
1486,34
1487,5
1488,28
1489,5
1490,30
1491,3
1492,5
1493,26
1494,8
1495,32
1496,2
1497,3
1498,26
1499,14
1500,21
1501,12
1502,2
1503,11
1504,26
1505,2
1506,9
1507,36
1508,34
1509,21
1510,2
1511,30
1512,22
1513,18
1514,39
1515,26
1516,21
1517,9
1518,29
1519,27
1520,23
1521,19
1522,28
1523,14
1524,36
1525,1
1526,22
1527,33
1528,22
1529,25
1530,12
1531,3
1532,34
1533,9
1534,34
1535,34
1536,25
1537,35
1538,23
1539,21
1540,0
1541,37
1542,2
1543,34
1544,7
1545,37
1546,11
1547,1
1548,12
1549,11
1550,26
1551,25
1552,38
1553,34
1554,2
1555,32
1556,1
1557,33
1558,22
1559,18
1560,18
1561,5
1562,23
1563,36
1564,18
1565,34
1566,21
1567,18
1568,3
1569,39
1570,24
1571,18
1572,25
1573,37
1574,0
1575,21
1576,13
1577,38
1578,36
1579,29
1580,30
1581,1
1582,19
1583,25
1584,7
1585,15
1586,24
1587,0
1588,20
1589,32
1590,23
1591,20
1592,26
1593,26
1594,11
1595,36
1596,8
1597,27
1598,7
1599,13
1600,13
1601,15
1602,1
1603,10
1604,21
1605,11
1606,17
1607,17
1608,25
1609,11
1610,23
1611,35
1612,20
1613,23
1614,10
1615,0
1616,6
1617,36
1618,39
1619,11
1620,4
1621,12
1622,7
1623,36
1624,7
1625,2
1626,13
1627,30
1628,39
1629,39
1630,35
1631,18
1632,1
1633,30
1634,20
1635,13
1636,6
1637,27
1638,12
1639,29
1640,12
1641,37
1642,36
1643,30
1644,2
1645,1
1646,17
1647,17
1648,13
1649,34
1650,32
1651,28
1652,18
1653,27
1654,39
1655,9
1656,7
1657,33
1658,37
1659,4
1660,0
1661,12
1662,39
1663,34
1664,7
1665,2
1666,9
1667,19
1668,25
1669,5
1670,39
1671,2
1672,6
1673,4
1674,16
1675,13
1676,36
1677,29
1678,9
1679,14
1680,37
1681,21
1682,6
1683,18
1684,30
1685,2
1686,9
1687,9
1688,28
1689,1
1690,9
1691,27
1692,2
1693,11
1694,13
1695,31
1696,8
1697,1
1698,2
1699,36
1700,32
1701,13
1702,35
1703,13
1704,19
1705,6
1706,3
1707,38
1708,38
1709,4
1710,22
1711,31
1712,1
1713,8
1714,31
1715,12
1716,15
1717,37
1718,7
1719,6
1720,8
1721,21
1722,35
1723,36
1724,23
1725,28
1726,17
1727,29
1728,37
1729,1
1730,8
1731,20
1732,27
1733,1
1734,8
1735,23
1736,2
1737,28
1738,34
1739,21
1740,32
1741,22
1742,30
1743,10
1744,12
1745,36
1746,31
1747,25
1748,4
1749,9
1750,21
1751,6
1752,28
1753,20
1754,33
1755,24
1756,27
1757,0
1758,32
1759,11
1760,13
1761,7
1762,33
1763,29
1764,8
1765,35
1766,27
1767,7
1768,3
1769,34
1770,34
1771,29
1772,22
1773,8
1774,27
1775,38
1776,21
1777,2
1778,26
1779,9
1780,3
1781,34
1782,38
1783,8
1784,8
1785,4
1786,32
1787,22
1788,15
1789,1
1790,13
1791,30
1792,7
1793,25
1794,21
1795,34
1796,7
1797,4
1798,24
1799,38
1800,23
1801,22
1802,27
1803,5
1804,14
1805,30
1806,19
1807,10
1808,4
1809,28
1810,32
1811,5
1812,10
1813,36
1814,39
1815,23
1816,0
1817,5
1818,4
1819,19
1820,25
1821,27
1822,23
1823,6
1824,10
1825,9
1826,26
1827,18
1828,24
1829,39
1830,5
1831,14
1832,33
1833,30
1834,12
1835,5
1836,17
1837,35
1838,34
1839,33
1840,10
1841,27
1842,0
1843,25
1844,11
1845,17
1846,1
1847,22
1848,29
1849,12
1850,17
1851,33
1852,2
1853,18
1854,33
1855,35
1856,10
1857,30
1858,0
1859,12
1860,16
1861,6
1862,13
1863,19
1864,1
1865,18
1866,25
1867,0
1868,3
1869,24
1870,18
1871,30
1872,24
1873,5
1874,20
1875,18
1876,5
1877,12
1878,28
1879,23
1880,3
1881,5
1882,37
1883,34
1884,12
1885,14
1886,38
1887,0
1888,10
1889,16
1890,23
1891,14
1892,6
1893,21
1894,15
1895,31
1896,15
1897,38
1898,5
1899,36
1900,4
1901,30
1902,31
1903,30
1904,16
1905,0
1906,18
1907,14
1908,7
1909,32
1910,36
1911,28
1912,7
1913,13
1914,28
1915,26
1916,34
1917,24
1918,12
1919,38
1920,23
1921,31
1922,39
1923,31
1924,39
1925,24
1926,5
1927,27
1928,38
1929,0
1930,9
1931,30
1932,16
1933,20
1934,26
1935,15
1936,21
1937,33
1938,20
1939,35
1940,9
1941,33
1942,18
1943,12
1944,2
1945,17
1946,34
1947,10
1948,11
1949,1
1950,24
1951,19
1952,39
1953,17
1954,37
1955,31
1956,28
1957,29
1958,9
1959,11
1960,18
1961,20
1962,30
1963,25
1964,21
1965,38
1966,39
1967,21
1968,15
1969,7
1970,4
1971,35
1972,4
1973,18
1974,10
1975,23
1976,7
1977,21
1978,25
1979,30
1980,21
1981,5
1982,19
1983,18
1984,36
1985,19
1986,23
1987,4
1988,14
1989,6
1990,12
1991,23
1992,38
1993,5
1994,4
1995,4
1996,13
1997,21
1998,10
1999,17
2000,32
2001,17
2002,32
2003,19
2004,25
2005,30
2006,22
2007,2
2008,13
2009,17
2010,1
2011,25
2012,15
2013,20
2014,23
2015,2
2016,18
2017,0
2018,39
2019,32
2020,21
2021,9
2022,14
2023,32
2024,19
2025,27
2026,11
2027,2
2028,39
2029,24
2030,7
2031,33
2032,29
2033,1
2034,31
2035,14
2036,24
2037,24
2038,34
2039,10
2040,29
2041,5
2042,8
2043,32
2044,11
2045,5
2046,35
2047,0
2048,26
2049,23
2050,10
2051,24
2052,15
2053,11
2054,9
2055,31
2056,13
2057,4
2058,15
2059,39
2060,4
2061,10
2062,19
2063,17
2064,7
2065,35
2066,11
2067,4
2068,18
2069,4
2070,7
2071,23
2072,22
2073,2
2074,2
2075,13
2076,26
2077,10
2078,4
2079,5
2080,28
2081,33
2082,25
2083,31
2084,0
2085,5
2086,4
2087,35
2088,37
2089,3
2090,26
2091,5
2092,32
2093,38
2094,27
2095,21
2096,5
2097,23
2098,5
2099,16
2100,36
2101,9
2102,32
2103,27
2104,7
2105,18
2106,39
2107,32
2108,31
2109,35
2110,7
2111,0
2112,12
2113,13
2114,8
2115,8
2116,34
2117,38
2118,8
2119,19
2120,31
2121,13
2122,33
2123,36
2124,15
2125,27
2126,22
2127,12
2128,0
2129,10
2130,3
2131,13
2132,18
2133,11
2134,0
2135,26
2136,9
2137,4
2138,27
2139,5
2140,24
2141,23
2142,22
2143,39
2144,13
2145,26
2146,18
2147,20
2148,39
2149,4
2150,24
2151,23
2152,11
2153,24
2154,4
2155,24
2156,28
2157,23
2158,22
2159,16
2160,12
2161,28
2162,19
2163,7
2164,13
2165,34
2166,23
2167,9
2168,15
2169,22
2170,9
2171,5
2172,0
2173,6
2174,35
2175,0
2176,33
2177,14
2178,27
2179,22
2180,12
2181,8
2182,35
2183,37
2184,12
2185,12
2186,39
2187,0
2188,9
2189,10
2190,15
2191,3
2192,29
2193,24
2194,26
2195,38
2196,9
2197,4
2198,35
2199,23
2200,1
2201,8
2202,1
2203,11
2204,29
2205,6
2206,9
2207,23
2208,29
2209,20
2210,39
2211,29
2212,0
2213,4
2214,32
2215,17
2216,38
2217,33
2218,20
2219,8
2220,18
2221,3
2222,35
2223,27
2224,0
2225,3
2226,14
2227,7
2228,13
2229,7
2230,35
2231,4
2232,4
2233,14
2234,16
2235,24
2236,26
2237,37
2238,17
2239,35
2240,38
2241,0
2242,31
2243,35
2244,34
2245,27
2246,26
2247,39
2248,22
2249,33
2250,31
2251,2
2252,10
2253,5
2254,39
2255,30
2256,5
2257,15
2258,28
2259,20
2260,29
2261,8
2262,29
2263,17
2264,29
2265,13
2266,18
2267,19
2268,9
2269,32
2270,28
2271,29
2272,18
2273,10
2274,20
2275,31
2276,27
2277,3
2278,35
2279,22
2280,37
2281,10
2282,15
2283,35
2284,24
2285,39
2286,29
2287,13
2288,36
2289,3
2290,33
2291,12
2292,24
2293,20
2294,11
2295,2
2296,34
2297,34
2298,5
2299,39
2300,14
2301,8
2302,34
2303,35
2304,0
2305,1
2306,9
2307,21
2308,37
2309,0
2310,36
2311,14
2312,34
2313,7
2314,28
2315,39
2316,2
2317,29
2318,17
2319,39
2320,18
2321,20
2322,39
2323,18
2324,20
2325,33
2326,26
2327,30
2328,20
2329,21
2330,2
2331,14
2332,10
2333,28
2334,14
2335,18
2336,30
2337,9
2338,18
2339,39
2340,22
2341,38
2342,15
2343,6
2344,23
2345,13
2346,4
2347,4
2348,1
2349,32
2350,20
2351,19
2352,7
2353,37
2354,19
2355,3
2356,26
2357,10
2358,5
2359,34
2360,11
2361,9
2362,30
2363,1
2364,9
2365,27
2366,16
2367,4
2368,8
2369,13
2370,16
2371,21
2372,34
2373,4
2374,19
2375,0
2376,21
2377,7
2378,23
2379,33
2380,38
2381,12
2382,1
2383,3
2384,35
2385,6
2386,23
2387,31
2388,27
2389,31
2390,38
2391,33
2392,22
2393,8
2394,34
2395,33
2396,9
2397,10
2398,22
2399,18
2400,26
2401,18
2402,25
2403,24
2404,35
2405,23
2406,33
2407,31
2408,8
2409,22
2410,11
2411,3
2412,32
2413,38
2414,18
2415,13
2416,36
2417,20
2418,28
2419,10
2420,34
2421,2
2422,37
2423,0
2424,9
2425,8
2426,5
2427,33
2428,18
2429,3
2430,21
2431,16
2432,15
2433,33
2434,7
2435,32
2436,33
2437,6
2438,13
2439,24
2440,6
2441,24
2442,12
2443,9
2444,2
2445,13
2446,1
2447,36
2448,8
2449,9
2450,7
2451,8
2452,7
2453,8
2454,29
2455,3
2456,35
2457,24
2458,28
2459,22
2460,8
2461,22
2462,27
2463,39
2464,24
2465,26
2466,37
2467,13
2468,32
2469,18
2470,39
2471,9
2472,36
2473,20
2474,17
2475,35
2476,13
2477,33
2478,29
2479,22
2480,30
2481,15
2482,18
2483,30
2484,0
2485,23
2486,38
2487,24
2488,3
2489,34
2490,21
2491,3
2492,5
2493,19
2494,24
2495,17
2496,16
2497,0
2498,38
2499,2
2500,27
2501,3
2502,14
2503,18
2504,23
2505,21
2506,20
2507,34
2508,15
2509,16
2510,23
2511,19
2512,36
2513,17
2514,30
2515,36
2516,7
2517,4
2518,24
2519,33
2520,31
2521,39
2522,16
2523,36
2524,24
2525,21
2526,0
2527,39
2528,27
2529,22
2530,29
2531,24
2532,9
2533,18
2534,38
2535,11
2536,19
2537,31
2538,23
2539,14
2540,17
2541,39
2542,1
2543,22
2544,28
2545,16
2546,29
2547,12
2548,10
2549,31
2550,30
2551,18
2552,34
2553,2
2554,21
2555,2
2556,36
2557,0
2558,11
2559,31
2560,35
2561,39
2562,38
2563,28
2564,26
2565,34
2566,26
2567,30
2568,5
2569,9
2570,19
2571,10
2572,30
2573,17
2574,10
2575,5
2576,24
2577,26
2578,13
2579,21
2580,19
2581,17
2582,22
2583,0
2584,18
2585,9
2586,3
2587,36
2588,23
2589,5
2590,33
2591,27
2592,23
2593,5
2594,22
2595,14
2596,14
2597,10
2598,1
2599,9
2600,9
2601,30
2602,35
2603,17
2604,5
2605,7
2606,28
2607,8
2608,35
2609,37
2610,31
2611,28
2612,16
2613,24
2614,0
2615,23
2616,25
2617,7
2618,35
2619,23
2620,32
2621,9
2622,4
2623,18
2624,32
2625,30
2626,39
2627,23
2628,32
2629,32
2630,31
2631,23
2632,33
2633,13
2634,25
2635,39
2636,0
2637,7
2638,38
2639,11
2640,0
2641,0
2642,36
2643,39
2644,26
2645,16
2646,16
2647,31
2648,19
2649,39
2650,24
2651,29
2652,3
2653,29
2654,2
2655,2
2656,4
2657,16
2658,17
2659,20
2660,3
2661,9
2662,25
2663,20
2664,2
2665,23
2666,32
2667,1
2668,21
2669,35
2670,17
2671,26
2672,21
2673,3
2674,18
2675,30
2676,25
2677,7
2678,21
2679,24
2680,16
2681,9
2682,11
2683,36
2684,2
2685,13
2686,25
2687,0
2688,28
2689,16
2690,37
2691,28
2692,7
2693,2
2694,2
2695,19
2696,12
2697,20
2698,2
2699,17
2700,36
2701,0
2702,32
2703,16
2704,29
2705,8
2706,32
2707,26
2708,9
2709,21
2710,6
2711,11
2712,12
2713,7
2714,14
2715,14
2716,25
2717,27
2718,38
2719,32
2720,4
2721,18
2722,34
2723,19
2724,19
2725,30
2726,3
2727,23
2728,11
2729,30
2730,4
2731,6
2732,35
2733,12
2734,12
2735,5
2736,12
2737,5
2738,13
2739,0
2740,18
2741,37
2742,32
2743,16
2744,27
2745,25
2746,35
2747,7
2748,29
2749,27
2750,10
2751,9
2752,13
2753,19
2754,16
2755,21
2756,32
2757,13
2758,23
2759,6
2760,17
2761,3
2762,9
2763,32
2764,39
2765,34
2766,20
2767,34
2768,21
2769,39
2770,39
2771,3
2772,33
2773,4
2774,33
2775,13
2776,3
2777,19
2778,32
2779,39
2780,12
2781,14
2782,25
2783,2
2784,27
2785,10
2786,32
2787,3
2788,27
2789,15
2790,2
2791,14
2792,8
2793,21
2794,3
2795,4
2796,5
2797,30
2798,26
2799,26
2800,2
2801,4
2802,23
2803,23
2804,4
2805,15
2806,18
2807,18
2808,20
2809,37
2810,4
2811,19
2812,28
2813,34
2814,27
2815,17
2816,31
2817,16
2818,2
2819,0
2820,17
2821,24
2822,10
2823,26
2824,22
2825,24
2826,33
2827,39
2828,30
2829,36
2830,39
2831,30
2832,25
2833,30
2834,26
2835,17
2836,37
2837,1
2838,31
2839,30
2840,8
2841,9
2842,37
2843,31
2844,10
2845,1
2846,2
2847,21
2848,34
2849,39
2850,6
2851,31
2852,4
2853,9
2854,19
2855,3
2856,26
2857,3
2858,18
2859,14
2860,32
2861,5
2862,30
2863,24
2864,17
2865,21
2866,2
2867,1
2868,31
2869,7
2870,20
2871,13
2872,16
2873,13
2874,32
2875,36
2876,25
2877,35
2878,10
2879,26
2880,31
2881,19
2882,22
2883,30
2884,5
2885,21
2886,16
2887,18
2888,14
2889,29
2890,12
2891,32
2892,7
2893,16
2894,11
2895,28
2896,24
2897,17
2898,36
2899,8
2900,32
2901,6
2902,12
2903,20
2904,1
2905,9
2906,5
2907,14
2908,12
2909,29
2910,33
2911,10
2912,11
2913,2
2914,33
2915,10
2916,6
2917,28
2918,38
2919,10
2920,22
2921,22
2922,19
2923,21
2924,3
2925,2
2926,21
2927,37
2928,26
2929,8
2930,27
2931,20
2932,0
2933,15
2934,5
2935,5
2936,21
2937,23
2938,19
2939,33
2940,18
2941,14
2942,31
2943,18
2944,31
2945,33
2946,30
2947,12
2948,13
2949,23
2950,6
2951,32
2952,1
2953,26
2954,25
2955,29
2956,21
2957,34
2958,14
2959,39
2960,28
2961,24
2962,33
2963,12
2964,33
2965,21
2966,17
2967,22
2968,35
2969,24
2970,21
2971,33
2972,14
2973,21
2974,31
2975,9
2976,30
2977,12
2978,37
2979,19
2980,6
2981,29
2982,13
2983,28
2984,39
2985,2
2986,31
2987,30
2988,19
2989,3
2990,30
2991,35
2992,32
2993,35
2994,24
2995,31
2996,35
2997,20
2998,21
2999,28
3000,27
3001,36
3002,20
3003,6
3004,28
3005,7
3006,36
3007,39
3008,38
3009,20
3010,38
3011,14
3012,30
3013,4
3014,38
3015,15
3016,26
3017,16
3018,34
3019,33
3020,32
3021,21
3022,21
3023,29
3024,28
3025,28
3026,25
3027,17
3028,35
3029,11
3030,13
3031,22
3032,6
3033,3
3034,13
3035,1
3036,14
3037,10
3038,6
3039,5
3040,24
3041,33
3042,11
3043,24
3044,26
3045,35
3046,32
3047,7
3048,30
3049,32
3050,4
3051,26
3052,19
3053,39
3054,3
3055,30
3056,9
3057,9
3058,28
3059,19
3060,3
3061,1
3062,28
3063,14
3064,38
3065,2
3066,4
3067,28
3068,28
3069,32
3070,2
3071,5
3072,18
3073,9
3074,15
3075,32
3076,26
3077,13
3078,30
3079,34
3080,5
3081,23
3082,38
3083,2
3084,21
3085,20
3086,13
3087,6
3088,6
3089,27
3090,18
3091,0
3092,12
3093,6
3094,3
3095,26
3096,20
3097,1
3098,37
3099,33
3100,29
3101,12
3102,22
3103,4
3104,0
3105,10
3106,21
3107,26
3108,23
3109,9
3110,39
3111,19
3112,20
3113,14
3114,1
3115,2
3116,24
3117,35
3118,31
3119,31
3120,34
3121,3
3122,0
3123,3
3124,34
3125,13
3126,27
3127,20
3128,1
3129,20
3130,19
3131,28
3132,4
3133,15
3134,26
3135,10
3136,6
3137,31
3138,21
3139,17
3140,3
3141,21
3142,11
3143,22
3144,38
3145,24
3146,37
3147,34
3148,26
3149,1
3150,11
3151,3
3152,15
3153,3
3154,1
3155,37
3156,20
3157,32
3158,18
3159,29
3160,21
3161,36
3162,23
3163,19
3164,30
3165,3
3166,34
3167,27
3168,6
3169,30
3170,10
3171,22
3172,18
3173,21
3174,21
3175,10
3176,26
3177,6
3178,4
3179,7
3180,19
3181,23
3182,38
3183,13
3184,1
3185,26
3186,9
3187,8
3188,15
3189,22
3190,20
3191,10
3192,19
3193,3
3194,11
3195,20
3196,8
3197,30
3198,15
3199,33
3200,19
3201,31
3202,39
3203,8
3204,10
3205,4
3206,3
3207,5
3208,24
3209,34
3210,33
3211,38
3212,26
3213,27
3214,16
3215,7
3216,13
3217,22
3218,33
3219,36
3220,5
3221,25
3222,18
3223,27
3224,28
3225,9
3226,9
3227,6
3228,4
3229,28
3230,3
3231,12
3232,22
3233,29
3234,24
3235,21
3236,32
3237,39
3238,9
3239,28
3240,0
3241,18
3242,27
3243,20
3244,39
3245,18
3246,23
3247,20
3248,9
3249,18
3250,26
3251,22
3252,37
3253,22
3254,11
3255,5
3256,29
3257,5
3258,23
3259,18
3260,10
3261,7
3262,0
3263,39
3264,23
3265,2
3266,8
3267,3
3268,3
3269,26
3270,11
3271,4
3272,7
3273,12
3274,19
3275,32
3276,7
3277,8
3278,5
3279,0
3280,34
3281,12
3282,31
3283,8
3284,31
3285,33
3286,0
3287,14
3288,29
3289,11
3290,19
3291,20
3292,29
3293,24
3294,30
3295,34
3296,15
3297,37
3298,10
3299,21
3300,18
3301,32
3302,29
3303,17
3304,36
3305,26
3306,14
3307,0
3308,22
3309,34
3310,24
3311,31
3312,39
3313,33
3314,13
3315,21
3316,6
3317,26
3318,8
3319,29
3320,39
3321,12
3322,13
3323,31
3324,1
3325,19
3326,20
3327,22
3328,17
3329,2
3330,7
3331,4
3332,17
3333,20
3334,32
3335,34
3336,37
3337,22
3338,35
3339,7
3340,37
3341,39
3342,11
3343,19
3344,0
3345,38
3346,30
3347,20
3348,35
3349,33
3350,27
3351,25
3352,2
3353,35
3354,30
3355,36
3356,8
3357,38
3358,20
3359,21
3360,36
3361,32
3362,1
3363,29
3364,8
3365,15
3366,3
3367,6
3368,37
3369,13
3370,35
3371,2
3372,33
3373,38
3374,0
3375,33
3376,24
3377,9
3378,10
3379,13
3380,0
3381,6
3382,33
3383,9
3384,36
3385,15
3386,30
3387,0
3388,3
3389,22
3390,26
3391,29
3392,15
3393,21
3394,10
3395,14
3396,39
3397,26
3398,6
3399,36
3400,30
3401,29
3402,36
3403,36
3404,27
3405,23
3406,26
3407,3
3408,11
3409,0
3410,25
3411,8
3412,27
3413,34
3414,32
3415,2
3416,33
3417,4
3418,12
3419,22
3420,23
3421,2
3422,9
3423,25
3424,0
3425,39
3426,17
3427,18
3428,1
3429,22
3430,39
3431,8
3432,17
3433,34
3434,29
3435,3
3436,6
3437,23
3438,27
3439,2
3440,25
3441,17
3442,21
3443,33
3444,19
3445,2
3446,34
3447,23
3448,1
3449,19
3450,10
3451,21
3452,23
3453,16
3454,3
3455,2
3456,14
3457,12
3458,17
3459,24
3460,25
3461,11
3462,26
3463,7
3464,37
3465,12
3466,13
3467,38
3468,37
3469,30
3470,12
3471,30
3472,16
3473,10
3474,6
3475,38
3476,24
3477,38
3478,29
3479,25
3480,37
3481,29
3482,27
3483,13
3484,4
3485,5
3486,1
3487,20
3488,11
3489,13
3490,19
3491,27
3492,27
3493,34
3494,22
3495,10
3496,23
3497,39
3498,18
3499,0
3500,27
3501,7
3502,26
3503,35
3504,11
3505,13
3506,7
3507,19
3508,37
3509,13
3510,18
3511,17
3512,26
3513,4
3514,22
3515,11
3516,5
3517,12
3518,20
3519,7
3520,31
3521,24
3522,24
3523,11
3524,17
3525,3
3526,20
3527,34
3528,7
3529,17
3530,36
3531,37
3532,32
3533,35
3534,33
3535,16
3536,12
3537,39
3538,1
3539,26
3540,20
3541,35
3542,13
3543,8
3544,38
3545,5
3546,36
3547,6
3548,12
3549,6
3550,34
3551,37
3552,3
3553,4
3554,20
3555,25
3556,36
3557,36
3558,8
3559,23
3560,30
3561,7
3562,7
3563,6
3564,21
3565,39
3566,6
3567,31
3568,5
3569,6
3570,29
3571,2
3572,8
3573,39
3574,17
3575,3
3576,9
3577,4
3578,20
3579,31
3580,15
3581,29
3582,3
3583,9
3584,31
3585,11
3586,30
3587,18
3588,38
3589,30
3590,10
3591,29
3592,23
3593,4
3594,39
3595,24
3596,5
3597,28
3598,16
3599,13
3600,18
3601,11
3602,20
3603,14
3604,10
3605,4
3606,39
3607,19
3608,9
3609,22
3610,8
3611,8
3612,19
3613,19
3614,34
3615,0
3616,22
3617,24
3618,30
3619,12
3620,36
3621,27
3622,36
3623,5
3624,9
3625,15
3626,34
3627,8
3628,3
3629,32
3630,0
3631,25
3632,22
3633,38
3634,13
3635,37
3636,11
3637,12
3638,12
3639,24
3640,4
3641,15
3642,24
3643,26
3644,18
3645,27
3646,28
3647,29
3648,13
3649,15
3650,35
3651,0
3652,38
3653,6
3654,14
3655,33
3656,34
3657,20
3658,18
3659,27
3660,13
3661,5
3662,3
3663,26
3664,24
3665,37
3666,13
3667,1
3668,35
3669,0
3670,1
3671,13
3672,34
3673,21
3674,12
3675,19
3676,18
3677,4
3678,3
3679,0
3680,27
3681,5
3682,27
3683,39
3684,27
3685,13
3686,35
3687,33
3688,6
3689,22
3690,28
3691,2
3692,38
3693,3
3694,35
3695,13
3696,24
3697,36
3698,30
3699,0
3700,33
3701,3
3702,30
3703,38
3704,20
3705,17
3706,1
3707,33
3708,0
3709,29
3710,26
3711,11
3712,35
3713,17
3714,2
3715,18
3716,11
3717,29
3718,30
3719,5
3720,18
3721,35
3722,22
3723,0
3724,35
3725,1
3726,23
3727,2
3728,8
3729,31
3730,6
3731,18
3732,35
3733,9
3734,28
3735,6
3736,0
3737,21
3738,5
3739,25
3740,14
3741,29
3742,7
3743,32
3744,26
3745,37
3746,25
3747,29
3748,16
3749,10
3750,20
3751,39
3752,35
3753,4
3754,36
3755,21
3756,13
3757,28
3758,5
3759,37
3760,30
3761,22
3762,15
3763,37
3764,8
3765,16
3766,11
3767,23
3768,0
3769,2
3770,27
3771,38
3772,16
3773,10
3774,4
3775,31
3776,35
3777,8
3778,31
3779,23
3780,2
3781,15
3782,34
3783,35
3784,23
3785,6
3786,8
3787,26
3788,27
3789,17
3790,9
3791,32
3792,26
3793,0
3794,37
3795,16
3796,19
3797,12
3798,32
3799,4
3800,22
3801,34
3802,10
3803,31
3804,38
3805,27
3806,35
3807,33
3808,6
3809,32
3810,16
3811,28
3812,11
3813,37
3814,14
3815,28
3816,26
3817,38
3818,28
3819,2
3820,2
3821,5
3822,32
3823,25
3824,30
3825,27
3826,25
3827,37
3828,24
3829,20
3830,3
3831,5
3832,0
3833,12
3834,1
3835,20
3836,21
3837,28
3838,7
3839,18
3840,18
3841,7
3842,0
3843,19
3844,37
3845,4
3846,10
3847,11
3848,22
3849,19
3850,23
3851,28
3852,27
3853,37
3854,11
3855,14
3856,8
3857,30
3858,33
3859,15
3860,14
3861,35
3862,21
3863,13
3864,12
3865,19
3866,3
3867,23
3868,13
3869,6
3870,21
3871,19
3872,17
3873,8
3874,29
3875,23
3876,11
3877,27
3878,19
3879,32
3880,33
3881,16
3882,23
3883,8
3884,35
3885,10
3886,4
3887,2
3888,17
3889,0
3890,20
3891,39
3892,24
3893,12
3894,19
3895,28
3896,35
3897,37
3898,30
3899,15
3900,4
3901,31
3902,22
3903,32
3904,12
3905,11
3906,5
3907,3
3908,27
3909,38
3910,22
3911,37
3912,28
3913,35
3914,38
3915,5
3916,6
3917,15
3918,19
3919,15
3920,18
3921,23
3922,13
3923,10
3924,39
3925,13
3926,29
3927,35
3928,38
3929,31
3930,32
3931,14
3932,29
3933,4
3934,27
3935,17
3936,21
3937,24
3938,1
3939,3
3940,2
3941,34
3942,30
3943,22
3944,16
3945,33
3946,4
3947,8
3948,17
3949,8
3950,13
3951,21
3952,25
3953,20
3954,34
3955,7
3956,20
3957,28
3958,34
3959,38
3960,32
3961,21
3962,27
3963,9
3964,27
3965,10
3966,10
3967,22
3968,21
3969,34
3970,36
3971,11
3972,18
3973,17
3974,35
3975,0
3976,20
3977,20
3978,29
3979,0
3980,21
3981,34
3982,1
3983,23
3984,14
3985,20
3986,21
3987,31
3988,38
3989,11
3990,23
3991,25
3992,19
3993,20
3994,24
3995,6
3996,31
3997,0
3998,28
3999,10
4000,5
4001,34
4002,35
4003,9
4004,27
4005,25
4006,16
4007,21
4008,25
4009,4
4010,21
4011,16
4012,27
4013,22
4014,11
4015,35
4016,38
4017,18
4018,12
4019,39
4020,21
4021,39
4022,34
4023,32
4024,30
4025,22
4026,12
4027,3
4028,28
4029,17
4030,10
4031,36
4032,0
4033,22
4034,35
4035,35
4036,28
4037,36
4038,34
4039,13
4040,8
4041,28
4042,14
4043,31
4044,3
4045,7
4046,33
4047,7
4048,28
4049,27
4050,14
4051,26
4052,30
4053,38
4054,8
4055,38
4056,3
4057,17
4058,0
4059,25
4060,14
4061,23
4062,1
4063,12
4064,2
4065,33
4066,21
4067,12
4068,24
4069,32
4070,11
4071,24
4072,10
4073,9
4074,4
4075,21
4076,29
4077,19
4078,18
4079,26
4080,7
4081,14
4082,7
4083,34
4084,16
4085,10
4086,25
4087,13
4088,25
4089,20
4090,32
4091,26
4092,14
4093,26
4094,1
4095,5
4096,20
4097,25
4098,1
4099,10
4100,34
4101,6
4102,15
4103,36
4104,36
4105,4
4106,3
4107,11
4108,28
4109,32
4110,16
4111,35
4112,33
4113,10
4114,3
4115,21
4116,8
4117,33
4118,26
4119,14
4120,11
4121,38
4122,39
4123,5
4124,9
4125,1
4126,27
4127,1
4128,11
4129,18
4130,11
4131,5
4132,9
4133,16
4134,6
4135,30
4136,7
4137,30
4138,27
4139,22
4140,33
4141,2
4142,20
4143,9
4144,8
4145,16
4146,30
4147,31
4148,1
4149,22
4150,19
4151,19
4152,12
4153,21
4154,11
4155,2
4156,0
4157,26
4158,1
4159,18
4160,29
4161,19
4162,9
4163,23
4164,8
4165,7
4166,2
4167,16
4168,16
4169,30
4170,21
4171,28
4172,2
4173,36
4174,36
4175,22
4176,1
4177,2
4178,36
4179,38
4180,19
4181,39
4182,38
4183,0
4184,13
4185,22
4186,27
4187,32
4188,16
4189,37
4190,31
4191,21
4192,12
4193,7
4194,8
4195,25
4196,4
4197,14
4198,36
4199,23
4200,2
4201,36
4202,34
4203,21
4204,11
4205,13
4206,26
4207,23
4208,31
4209,4
4210,38
4211,6
4212,25
4213,2
4214,24
4215,24
4216,9
4217,9
4218,13
4219,12
4220,28
4221,12
4222,15
4223,8
4224,36
4225,26
4226,10
4227,18
4228,28
4229,9
4230,7
4231,15
4232,11
4233,38
4234,30
4235,6
4236,12
4237,15
4238,10
4239,18
4240,22
4241,6
4242,31
4243,1
4244,21
4245,39
4246,38
4247,1
4248,29
4249,33
4250,31
4251,27
4252,4
4253,34
4254,7
4255,5
4256,23
4257,7
4258,24
4259,6
4260,13
4261,32
4262,23
4263,35
4264,37
4265,3
4266,33
4267,33
4268,25
4269,32
4270,3
4271,26
4272,16
4273,2
4274,39
4275,31
4276,20
4277,28
4278,23
4279,7
4280,8
4281,8
4282,9
4283,21
4284,3
4285,31
4286,39
4287,19
4288,28
4289,8
4290,5
4291,37
4292,31
4293,10
4294,30
4295,29
4296,31
4297,12
4298,14
4299,29
4300,37
4301,10
4302,5
4303,33
4304,6
4305,22
4306,10
4307,24
4308,3
4309,1
4310,18
4311,12
4312,22
4313,25
4314,34
4315,7
4316,37
4317,6
4318,9
4319,3
4320,33
4321,2
4322,38
4323,11
4324,11
4325,29
4326,11
4327,21
4328,31
4329,27
4330,10
4331,7
4332,20
4333,36
4334,27
4335,32
4336,7
4337,8
4338,18
4339,4
4340,0
4341,33
4342,10
4343,31
4344,15
4345,21
4346,5
4347,12
4348,38
4349,35
4350,7
4351,20
4352,32
4353,13
4354,27
4355,23
4356,32
4357,8
4358,26
4359,5
4360,11
4361,39
4362,1
4363,14
4364,25
4365,19
4366,2
4367,12
4368,2
4369,23
4370,29
4371,20
4372,17
4373,30
4374,27
4375,8
4376,28
4377,2
4378,12
4379,16
4380,12
4381,23
4382,22
4383,10
4384,3
4385,31
4386,7
4387,30
4388,30
4389,4
4390,13
4391,17
4392,34
4393,8
4394,28
4395,5
4396,18
4397,39
4398,31
4399,12
4400,24
4401,6
4402,34
4403,15
4404,19
4405,22
4406,13
4407,8
4408,12
4409,31
4410,26
4411,21
4412,37
4413,18
4414,23
4415,38
4416,27
4417,38
4418,31
4419,38
4420,6
4421,28
4422,7
4423,4
4424,35
4425,11
4426,11
4427,33
4428,27
4429,38
4430,4
4431,23
4432,9
4433,17
4434,35
4435,20
4436,15
4437,4
4438,12
4439,26
4440,5
4441,35
4442,23
4443,20
4444,32
4445,23
4446,10
4447,27
4448,1
4449,33
4450,7
4451,31
4452,9
4453,15
4454,8
4455,37
4456,33
4457,36
4458,33
4459,25
4460,21
4461,15
4462,38
4463,10
4464,2
4465,1
4466,4
4467,11
4468,36
4469,1
4470,34
4471,11
4472,26
4473,18
4474,22
4475,32
4476,19
4477,22
4478,20
4479,39
4480,35
4481,36
4482,31
4483,34
4484,34
4485,32
4486,22
4487,24
4488,30
4489,32
4490,14
4491,4
4492,10
4493,28
4494,34
4495,35
4496,17
4497,8
4498,0
4499,8
4500,18
4501,19
4502,28
4503,27
4504,19
4505,38
4506,29
4507,1
4508,35
4509,10
4510,31
4511,32
4512,27
4513,15
4514,2
4515,19
4516,0
4517,34
4518,2
4519,10
4520,26
4521,39
4522,15
4523,32
4524,25
4525,14
4526,17
4527,10
4528,25
4529,35
4530,34
4531,35
4532,21
4533,8
4534,22
4535,22
4536,37
4537,18
4538,2
4539,6
4540,39
4541,22
4542,16
4543,25
4544,19
4545,33
4546,39
4547,39
4548,31
4549,16
4550,9
4551,39
4552,28
4553,20
4554,24
4555,3
4556,4
4557,34
4558,39
4559,2
4560,31
4561,20
4562,16
4563,14
4564,37
4565,11
4566,29
4567,33
4568,9
4569,30
4570,8
4571,2
4572,37
4573,4
4574,29
4575,15
4576,24
4577,29
4578,9
4579,36
4580,35
4581,1
4582,28
4583,39
4584,10
4585,16
4586,8
4587,6
4588,32
4589,36
4590,28
4591,6
4592,9
4593,18
4594,23
4595,19
4596,37
4597,20
4598,27
4599,0
4600,16
4601,32
4602,20
4603,0
4604,24
4605,35
4606,12
4607,9
4608,38
4609,30
4610,39
4611,15
4612,19
4613,7
4614,33
4615,33
4616,39
4617,15
4618,20
4619,38
4620,8
4621,21
4622,34
4623,10
4624,25
4625,19
4626,17
4627,21
4628,14
4629,39
4630,16
4631,0
4632,20
4633,23
4634,36
4635,17
4636,26
4637,30
4638,34
4639,27
4640,34
4641,4
4642,22
4643,28
4644,19
4645,5
4646,36
4647,0
4648,2
4649,19
4650,22
4651,6
4652,27
4653,2
4654,18
4655,12
4656,11
4657,16
4658,19
4659,10
4660,15
4661,13
4662,16
4663,17
4664,6
4665,33
4666,32
4667,12
4668,4
4669,15
4670,19
4671,35
4672,21
4673,25
4674,5
4675,21
4676,31
4677,2
4678,1
4679,23
4680,28
4681,36
4682,12
4683,29
4684,20
4685,5
4686,26
4687,31
4688,20
4689,39
4690,30
4691,31
4692,11
4693,32
4694,29
4695,29
4696,21
4697,28
4698,26
4699,39
4700,30
4701,0
4702,10
4703,5
4704,31
4705,34
4706,35
4707,33
4708,18
4709,19
4710,0
4711,15
4712,5
4713,33
4714,15
4715,26
4716,16
4717,38
4718,4
4719,18
4720,39
4721,7
4722,3
4723,26
4724,35
4725,35
4726,23
4727,25
4728,27
4729,4
4730,0
4731,36
4732,15
4733,9
4734,20
4735,31
4736,30
4737,4
4738,39
4739,11
4740,22
4741,12
4742,11
4743,35
4744,20
4745,30
4746,7
4747,21
4748,19
4749,20
4750,39
4751,6
4752,2
4753,16
4754,0
4755,21
4756,31
4757,20
4758,30
4759,38
4760,30
4761,32
4762,10
4763,0
4764,10
4765,17
4766,15
4767,19
4768,7
4769,33
4770,36
4771,26
4772,9
4773,6
4774,6
4775,8
4776,24
4777,10
4778,8
4779,8
4780,19
4781,26
4782,32
4783,25
4784,17
4785,29
4786,11
4787,26
4788,5
4789,22
4790,28
4791,34
4792,3
4793,20
4794,38
4795,27
4796,3
4797,18
4798,34
4799,9
4800,20
4801,15
4802,23
4803,2
4804,0
4805,18
4806,10
4807,35
4808,24
4809,28
4810,11
4811,26
4812,37
4813,5
4814,11
4815,27
4816,3
4817,31
4818,21
4819,11
4820,7
4821,10
4822,10
4823,6
4824,4
4825,9
4826,34
4827,13
4828,39
4829,8
4830,38
4831,29
4832,16
4833,7
4834,25
4835,38
4836,24
4837,3
4838,28
4839,32
4840,11
4841,33
4842,37
4843,31
4844,24
4845,8
4846,1
4847,3
4848,9
4849,29
4850,24
4851,8
4852,10
4853,31
4854,37
4855,17
4856,21
4857,9
4858,36
4859,39
4860,38
4861,13
4862,12
4863,36
4864,24
4865,30
4866,34
4867,11
4868,36
4869,3
4870,10
4871,28
4872,31
4873,5
4874,37
4875,11
4876,22
4877,34
4878,39
4879,12
4880,12
4881,26
4882,15
4883,2
4884,18
4885,35
4886,24
4887,32
4888,15
4889,0
4890,16
4891,31
4892,18
4893,32
4894,10
4895,4
4896,36
4897,17
4898,4
4899,27
4900,35
4901,19
4902,15
4903,11
4904,1
4905,25
4906,24
4907,27
4908,19
4909,28
4910,21
4911,20
4912,21
4913,38
4914,18
4915,39
4916,4
4917,4
4918,4
4919,4
4920,16
4921,17
4922,1
4923,24
4924,33
4925,36
4926,16
4927,6
4928,35
4929,18
4930,36
4931,28
4932,39
4933,1
4934,3
4935,4
4936,11
4937,39
4938,25
4939,25
4940,20
4941,21
4942,8
4943,35
4944,19
4945,33
4946,6
4947,23
4948,31
4949,18
4950,13
4951,35
4952,34
4953,31
4954,7
4955,26
4956,25
4957,13
4958,7
4959,13
4960,36
4961,32
4962,9
4963,13
4964,5
4965,30
4966,39
4967,37
4968,8
4969,24
4970,29
4971,35
4972,12
4973,6
4974,5
4975,13
4976,6
4977,1
4978,35
4979,19
4980,36
4981,5
4982,5
4983,7
4984,5
4985,33
4986,34
4987,2
4988,27
4989,18
4990,21
4991,11
4992,8
4993,30
4994,32
4995,38
4996,31
4997,4
4998,12
4999,3
5000,35
